game_url,away_team_name,away_team_initials,away_record_status,away_Q1,away_Q2,away_Q3,away_Q4,away_final_score,home_team_name,home_team_initials,home_record_status,home_Q1,home_Q2,home_Q3,home_Q4,home_final_score,stadium_name,stadium_attendance,stadium_capacity,game_location,game_date
https://www.espn.com/nfl/playbyplay/_/gameId/401030710,Atlanta Falcons,ATL,"0-1, 0-1 away",3,3,0,6,12,Philadelphia Eagles,PHI,"1-0, 1-0 home",0,3,7,8,18,Lincoln Financial Field,"69,696","69,879","Philadelphia, PA ","8:55 PM, September 6, 2018"
https://www.espn.com/nfl/playbyplay/_/gameId/401030718,Pittsburgh Steelers,PIT,"0-0-1, 0-0-1 away",0,7,14,0,0,Cleveland Browns,CLE,"0-0-1, 0-0-1 home",0,0,7,14,0,Cleveland Browns Stadium,"67,431","67,431","Cleveland, OH ","1:00 PM, September 9, 2018"
https://www.espn.com/nfl/playbyplay/_/gameId/401030717,Cincinnati Bengals,CIN,"1-0, 1-0 away",3,7,7,17,34,Indianapolis Colts,IND,"0-1, 0-1 home",3,13,7,0,23,Lucas Oil Stadium,"58,699","63,000","Indianapolis, IN ","1:00 PM, September 9, 2018"
https://www.espn.com/nfl/playbyplay/_/gameId/401030716,Tennessee Titans,TEN,"0-1, 0-1 away",3,0,0,17,20,Miami Dolphins,MIA,"1-0, 1-0 home",0,7,3,17,27,Hard Rock Stadium,"65,184","64,767","Miami Gardens, FL ","1:00 PM, September 9, 2018"
https://www.espn.com/nfl/playbyplay/_/gameId/401030715,San Francisco 49ers,SF,"0-1, 0-1 away",0,3,10,3,16,Minnesota Vikings,MIN,"1-0, 1-0 home",3,7,14,0,24,U.S. Bank Stadium,"66,673","66,468","Minneapolis, MN ","1:00 PM, September 9, 2018"
https://www.espn.com/nfl/playbyplay/_/gameId/401030714,Houston Texans,HOU,"0-1, 0-1 away",3,3,7,7,20,New England Patriots,NE,"1-0, 1-0 home",7,14,3,3,27,Gillette Stadium,"65,878","65,878","Foxboro, MA ","1:00 PM, September 9, 2018"
https://www.espn.com/nfl/playbyplay/_/gameId/401030713,Tampa Bay Buccaneers,TB,"1-0, 1-0 away",14,17,10,7,48,New Orleans Saints,NO,"0-1, 0-1 home",10,14,0,16,40,Caesars Superdome,"73,038","73,000","New Orleans, LA ","1:00 PM, September 9, 2018"
https://www.espn.com/nfl/playbyplay/_/gameId/401030712,Jacksonville Jaguars,JAX,"1-0, 1-0 away",3,10,0,7,20,New York Giants,NYG,"0-1, 0-1 home",3,3,3,6,15,MetLife Stadium,"77,992","82,500","East Rutherford, NJ ","1:00 PM, September 9, 2018"
https://www.espn.com/nfl/playbyplay/_/gameId/401030711,Buffalo Bills,BUF,"0-1, 0-1 away",0,0,3,0,3,Baltimore Ravens,BAL,"1-0, 1-0 home",14,12,14,7,47,M&T Bank Stadium,"70,591","70,745","Baltimore, MD ","1:00 PM, September 9, 2018"
https://www.espn.com/nfl/playbyplay/_/gameId/401030720,Kansas City Chiefs,KC,"1-0, 1-0 away",14,3,14,7,38,Los Angeles Chargers,LAC,"0-1, 0-1 home",6,6,0,16,28,Dignity Health Sports Park,"25,351","27,000","Carson, CA ","4:05 PM, September 9, 2018"
https://www.espn.com/nfl/playbyplay/_/gameId/401030721,Seattle Seahawks,SEA,"0-1, 0-1 away",7,3,7,7,24,Denver Broncos,DEN,"1-0, 1-0 home",7,10,3,7,27,Empower Field at Mile High,"76,761","76,125","Denver, CO ","4:25 PM, September 9, 2018"
https://www.espn.com/nfl/playbyplay/_/gameId/401030725,Washington Redskins,WSH,"1-0, 1-0 away",0,21,0,3,24,Arizona Cardinals,ARI,"0-1, 0-1 home",0,0,0,6,6,State Farm Stadium,"61,613","65,000","Glendale, AZ ","4:25 PM, September 9, 2018"
https://www.espn.com/nfl/playbyplay/_/gameId/401030723,Dallas Cowboys,DAL,"0-1, 0-1 away",0,0,0,8,8,Carolina Panthers,CAR,"1-0, 1-0 home",0,10,0,6,16,Bank of America Stadium,"74,532","73,778","Charlotte, NC ","4:25 PM, September 9, 2018"
https://www.espn.com/nfl/playbyplay/_/gameId/401030726,Chicago Bears,CHI,"0-1, 0-1 away",7,10,3,3,23,Green Bay Packers,GB,"1-0, 1-0 home",0,0,3,21,24,Lambeau Field,"78,282","81,041","Green Bay, WI ","8:20 PM, September 9, 2018"
https://www.espn.com/nfl/playbyplay/_/gameId/401030728,New York Jets,NYJ,"1-0, 1-0 away",7,10,31,0,48,Detroit Lions,DET,"0-1, 0-1 home",7,3,7,0,17,Ford Field,"61,352","64,500","Detroit, MI ","7:10 PM, September 10, 2018"
https://www.espn.com/nfl/playbyplay/_/gameId/401030751,Los Angeles Rams,LAR,"1-0, 1-0 away",7,3,10,13,33,Oakland Raiders,OAK,"0-1, 0-1 home",7,6,0,0,13,Oakland Coliseum,"53,857","55,997","Oakland, CA ","10:20 PM, September 10, 2018"
https://www.espn.com/nfl/playbyplay/_/gameId/401030690,Baltimore Ravens,BAL,"1-1, 0-1 away",0,14,3,6,23,Cincinnati Bengals,CIN,"2-0, 1-0 home",14,14,0,6,34,Paycor Stadium,"50,018","65,515","Cincinnati, OH ","8:20 PM, September 13, 2018"
https://www.espn.com/nfl/playbyplay/_/gameId/401030691,Carolina Panthers,CAR,"1-1, 0-1 away",3,7,0,14,24,Atlanta Falcons,ATL,"1-1, 1-0 home",3,14,7,7,31,Mercedes-Benz Stadium,"72,528","75,000","Atlanta, GA ","1:00 PM, September 16, 2018"
https://www.espn.com/nfl/playbyplay/_/gameId/401030704,Los Angeles Chargers,LAC,"1-1, 1-0 away",14,14,0,3,31,Buffalo Bills,BUF,"0-2, 0-1 home",0,6,7,7,20,Highmark Stadium,"69,187","71,621","Orchard Park, NY ","1:00 PM, September 16, 2018"
https://www.espn.com/nfl/playbyplay/_/gameId/401030705,Minnesota Vikings,MIN,"1-0-1, 0-0-1 away",7,0,0,22,0,Green Bay Packers,GB,"1-0-1, 1-0-1 home",7,10,3,9,0,Lambeau Field,"78,461","81,041","Green Bay, WI ","1:00 PM, September 16, 2018"
https://www.espn.com/nfl/playbyplay/_/gameId/401030694,Houston Texans,HOU,"0-2, 0-2 away",0,7,3,7,17,Tennessee Titans,TEN,"1-1, 1-0 home",14,0,0,6,20,Nissan Stadium,"62,372","69,143","Nashville, TN ","1:00 PM, September 16, 2018"
https://www.espn.com/nfl/playbyplay/_/gameId/401030708,Cleveland Browns,CLE,"0-1-1, 0-1 away",3,3,6,6,18,New Orleans Saints,NO,"1-1, 1-1 home",3,0,0,18,21,Caesars Superdome,"73,086","73,000","New Orleans, LA ","1:00 PM, September 16, 2018"
https://www.espn.com/nfl/playbyplay/_/gameId/401030700,Miami Dolphins,MIA,"2-0, 1-0 away",7,13,0,0,20,New York Jets,NYJ,"1-1, 0-1 home",0,0,6,6,12,MetLife Stadium,"77,982","82,500","East Rutherford, NJ ","1:00 PM, September 16, 2018"
https://www.espn.com/nfl/playbyplay/_/gameId/401030698,Kansas City Chiefs,KC,"2-0, 2-0 away",21,0,14,7,42,Pittsburgh Steelers,PIT,"0-1-1, 0-1 home",0,21,7,9,37,Acrisure Stadium,"63,956","68,400","Pittsburgh, PA ","1:00 PM, September 16, 2018"
https://www.espn.com/nfl/playbyplay/_/gameId/401030696,Philadelphia Eagles,PHI,"1-1, 0-1 away",0,7,7,7,21,Tampa Bay Buccaneers,TB,"2-0, 1-0 home",7,13,7,0,27,Raymond James Stadium,"56,552","65,828","Tampa, FL ","1:00 PM, September 16, 2018"
https://www.espn.com/nfl/playbyplay/_/gameId/401030693,Indianapolis Colts,IND,"1-1, 1-0 away",7,7,0,7,21,Washington Redskins,WSH,"1-1, 0-1 home",0,3,3,3,9,FedExField,"57,013","67,617","Landover, MD ","1:00 PM, September 16, 2018"
https://www.espn.com/nfl/playbyplay/_/gameId/401030732,Arizona Cardinals,ARI,"0-2, 0-1 away",0,0,0,0,0,Los Angeles Rams,LAR,"2-0, 1-0 home",0,19,8,7,34,Los Angeles Memorial Coliseum,"66,515","77,500","Los Angeles, CA ","4:05 PM, September 16, 2018"
https://www.espn.com/nfl/playbyplay/_/gameId/401030730,Detroit Lions,DET,"0-2, 0-1 away",7,3,3,14,27,San Francisco 49ers,SF,"1-1, 1-0 home",3,10,14,3,30,Levi's Stadium,"70,164","68,500","Santa Clara, CA ","4:05 PM, September 16, 2018"
https://www.espn.com/nfl/playbyplay/_/gameId/401030736,Oakland Raiders,OAK,"0-2, 0-1 away",3,9,7,0,19,Denver Broncos,DEN,"2-0, 2-0 home",0,0,10,10,20,Empower Field at Mile High,"76,696","76,125","Denver, CO ","4:25 PM, September 16, 2018"
https://www.espn.com/nfl/playbyplay/_/gameId/401030733,New England Patriots,NE,"1-1, 0-1 away",0,3,7,10,20,Jacksonville Jaguars,JAX,"2-0, 1-0 home",14,7,3,7,31,TIAA Bank Field,"68,527","67,858","Jacksonville, FL ","4:25 PM, September 16, 2018"
https://www.espn.com/nfl/playbyplay/_/gameId/401030738,New York Giants,NYG,"0-2, 0-1 away",0,0,3,10,13,Dallas Cowboys,DAL,"1-1, 1-0 home",10,0,3,7,20,AT&T Stadium,"90,512","100,000","Arlington, TX ","8:20 PM, September 16, 2018"
https://www.espn.com/nfl/playbyplay/_/gameId/401030739,Seattle Seahawks,SEA,"0-2, 0-2 away",0,3,0,14,17,Chicago Bears,CHI,"1-1, 1-0 home",7,3,0,14,24,Soldier Field,"61,735","61,500","Chicago, IL ","8:15 PM, September 17, 2018"
https://www.espn.com/nfl/playbyplay/_/gameId/401030775,New York Jets,NYJ,"1-2, 1-1 away",0,14,0,3,17,Cleveland Browns,CLE,"1-1-1, 1-0-1 home",0,3,11,7,21,Cleveland Browns Stadium,"67,431","67,431","Cleveland, OH ","8:20 PM, September 20, 2018"
https://www.espn.com/nfl/playbyplay/_/gameId/401030777,New Orleans Saints,NO,"2-1, 1-0 away",7,9,7,14,6,Atlanta Falcons,ATL,"1-2, 1-1 home",7,7,7,16,0,Mercedes-Benz Stadium,"74,457","75,000","Atlanta, GA ","1:00 PM, September 23, 2018"
https://www.espn.com/nfl/playbyplay/_/gameId/401030795,San Francisco 49ers,SF,"1-2, 0-2 away",0,10,14,3,27,Kansas City Chiefs,KC,"3-0, 1-0 home",14,21,0,3,38,GEHA Field at Arrowhead Stadium,"76,023","72,936","Kansas City, MO ","1:00 PM, September 23, 2018"
https://www.espn.com/nfl/playbyplay/_/gameId/401030787,Oakland Raiders,OAK,"0-3, 0-2 away",7,3,7,3,20,Miami Dolphins,MIA,"3-0, 2-0 home",0,7,7,14,28,Hard Rock Stadium,"65,667","64,767","Miami Gardens, FL ","1:00 PM, September 23, 2018"
https://www.espn.com/nfl/playbyplay/_/gameId/401030784,Buffalo Bills,BUF,"1-2, 1-1 away",17,10,0,0,27,Minnesota Vikings,MIN,"1-1-1, 1-1 home",0,0,0,6,6,U.S. Bank Stadium,"66,800","66,468","Minneapolis, MN ","1:00 PM, September 23, 2018"
https://www.espn.com/nfl/playbyplay/_/gameId/401030782,Indianapolis Colts,IND,"1-2, 1-1 away",7,0,6,3,16,Philadelphia Eagles,PHI,"2-1, 2-0 home",7,3,3,7,20,Lincoln Financial Field,"69,696","69,879","Philadelphia, PA ","1:00 PM, September 23, 2018"
https://www.espn.com/nfl/playbyplay/_/gameId/401030781,Green Bay Packers,GB,"1-1-1, 0-1 away",0,10,7,0,17,Washington Redskins,WSH,"2-1, 1-1 home",14,14,0,3,31,FedExField,"59,827","67,617","Landover, MD ","1:00 PM, September 23, 2018"
https://www.espn.com/nfl/playbyplay/_/gameId/401030790,Cincinnati Bengals,CIN,"2-1, 1-1 away",7,7,7,0,21,Carolina Panthers,CAR,"2-1, 2-0 home",7,14,7,3,31,Bank of America Stadium,"72,161","73,778","Charlotte, NC ","1:00 PM, September 23, 2018"
https://www.espn.com/nfl/playbyplay/_/gameId/401030794,Tennessee Titans,TEN,"2-1, 1-1 away",3,0,3,3,9,Jacksonville Jaguars,JAX,"2-1, 1-1 home",0,3,0,3,6,TIAA Bank Field,"64,015","67,858","Jacksonville, FL ","1:00 PM, September 23, 2018"
https://www.espn.com/nfl/playbyplay/_/gameId/401030788,Denver Broncos,DEN,"2-1, 0-1 away",14,0,0,0,14,Baltimore Ravens,BAL,"2-1, 2-0 home",10,10,7,0,27,M&T Bank Stadium,"70,156","70,745","Baltimore, MD ","1:00 PM, September 23, 2018"
https://www.espn.com/nfl/playbyplay/_/gameId/401030791,New York Giants,NYG,"1-2, 1-1 away",7,13,0,7,27,Houston Texans,HOU,"0-3, 0-1 home",3,3,3,13,22,NRG Stadium,"71,838","71,995","Houston, TX ","1:00 PM, September 23, 2018"
https://www.espn.com/nfl/playbyplay/_/gameId/401030798,Los Angeles Chargers,LAC,"1-2, 1-1 away",6,7,7,3,23,Los Angeles Rams,LAR,"3-0, 2-0 home",14,7,14,0,35,Los Angeles Memorial Coliseum,"68,947","77,500","Los Angeles, CA ","4:05 PM, September 23, 2018"
https://www.espn.com/nfl/playbyplay/_/gameId/401030801,Chicago Bears,CHI,"2-1, 1-1 away",0,3,10,3,16,Arizona Cardinals,ARI,"0-3, 0-2 home",14,0,0,0,14,State Farm Stadium,"62,163","65,000","Glendale, AZ ","4:25 PM, September 23, 2018"
https://www.espn.com/nfl/playbyplay/_/gameId/401030799,Dallas Cowboys,DAL,"1-2, 0-2 away",0,3,3,7,13,Seattle Seahawks,SEA,"1-2, 1-0 home",0,17,0,7,24,Lumen Field,"69,047","68,740","Seattle, WA ","4:25 PM, September 23, 2018"
https://www.espn.com/nfl/playbyplay/_/gameId/401030802,New England Patriots,NE,"1-2, 0-2 away",0,3,7,0,10,Detroit Lions,DET,"1-2, 1-1 home",3,10,7,6,26,Ford Field,"61,769","64,500","Detroit, MI ","8:20 PM, September 23, 2018"
https://www.espn.com/nfl/playbyplay/_/gameId/401030805,Pittsburgh Steelers,PIT,"1-1-1, 1-0-1 away",6,24,0,0,30,Tampa Bay Buccaneers,TB,"2-1, 1-1 home",7,3,3,14,27,Raymond James Stadium,"62,571","65,828","Tampa, FL ","8:15 PM, September 24, 2018"
https://www.espn.com/nfl/playbyplay/_/gameId/401030839,Minnesota Vikings,MIN,"1-2-1, 0-1-1 away",7,13,8,3,31,Los Angeles Rams,LAR,"4-0, 3-0 home",7,21,10,0,38,Los Angeles Memorial Coliseum,"72,027","77,500","Los Angeles, CA ","8:20 PM, September 27, 2018"
https://www.espn.com/nfl/playbyplay/_/gameId/401030847,Cincinnati Bengals,CIN,"3-1, 2-1 away",14,14,0,9,37,Atlanta Falcons,ATL,"1-3, 1-2 home",7,17,3,9,36,Mercedes-Benz Stadium,"71,985","75,000","Atlanta, GA ","1:00 PM, September 30, 2018"
https://www.espn.com/nfl/playbyplay/_/gameId/401030846,Tampa Bay Buccaneers,TB,"2-2, 1-1 away",0,3,0,7,10,Chicago Bears,CHI,"3-1, 2-0 home",14,24,7,3,48,Soldier Field,"61,893","61,500","Chicago, IL ","1:00 PM, September 30, 2018"
https://www.espn.com/nfl/playbyplay/_/gameId/401030845,Detroit Lions,DET,"1-3, 0-2 away",7,3,0,14,24,Dallas Cowboys,DAL,"2-2, 2-0 home",3,10,7,6,26,AT&T Stadium,"90,155","100,000","Arlington, TX ","1:00 PM, September 30, 2018"
https://www.espn.com/nfl/playbyplay/_/gameId/401030844,Buffalo Bills,BUF,"1-3, 1-2 away",0,0,0,0,0,Green Bay Packers,GB,"2-1-1, 2-0-1 home",6,10,3,3,22,Lambeau Field,"78,312","81,041","Green Bay, WI ","1:00 PM, September 30, 2018"
https://www.espn.com/nfl/playbyplay/_/gameId/401030842,Philadelphia Eagles,PHI,"2-2, 0-2 away",0,10,7,3,3,Tennessee Titans,TEN,"3-1, 2-0 home",3,0,7,10,6,Nissan Stadium,"69,013","69,143","Nashville, TN ","1:00 PM, September 30, 2018"
https://www.espn.com/nfl/playbyplay/_/gameId/401030843,Houston Texans,HOU,"1-3, 1-2 away",14,7,7,3,6,Indianapolis Colts,IND,"1-3, 0-2 home",7,3,7,14,3,Lucas Oil Stadium,"57,716","63,000","Indianapolis, IN ","1:00 PM, September 30, 2018"
https://www.espn.com/nfl/playbyplay/_/gameId/401030841,Miami Dolphins,MIA,"3-1, 1-1 away",0,0,0,7,7,New England Patriots,NE,"2-2, 2-0 home",3,21,7,7,38,Gillette Stadium,"65,878","65,878","Foxboro, MA ","1:00 PM, September 30, 2018"
https://www.espn.com/nfl/playbyplay/_/gameId/401030840,New York Jets,NYJ,"1-3, 1-2 away",0,0,3,9,12,Jacksonville Jaguars,JAX,"3-1, 2-1 home",3,13,9,6,31,TIAA Bank Field,"65,353","67,858","Jacksonville, FL ","1:00 PM, September 30, 2018"
https://www.espn.com/nfl/playbyplay/_/gameId/401030930,Cleveland Browns,CLE,"1-2-1, 0-2 away",3,14,11,14,0,Oakland Raiders,OAK,"1-3, 1-1 home",7,7,7,21,3,Oakland Coliseum,"53,387","55,997","Oakland, CA ","4:05 PM, September 30, 2018"
https://www.espn.com/nfl/playbyplay/_/gameId/401030848,Seattle Seahawks,SEA,"2-2, 1-2 away",7,0,10,3,20,Arizona Cardinals,ARI,"0-4, 0-3 home",0,10,0,7,17,State Farm Stadium,"61,845","65,000","Glendale, AZ ","4:05 PM, September 30, 2018"
https://www.espn.com/nfl/playbyplay/_/gameId/401030931,New Orleans Saints,NO,"3-1, 2-0 away",0,12,7,14,33,New York Giants,NYG,"1-3, 0-2 home",7,0,3,8,18,MetLife Stadium,"78,213","82,500","East Rutherford, NJ ","4:25 PM, September 30, 2018"
https://www.espn.com/nfl/playbyplay/_/gameId/401030932,San Francisco 49ers,SF,"1-3, 0-3 away",14,3,7,3,27,Los Angeles Chargers,LAC,"2-2, 1-1 home",6,11,9,3,29,Dignity Health Sports Park,"25,397","27,000","Carson, CA ","4:25 PM, September 30, 2018"
https://www.espn.com/nfl/playbyplay/_/gameId/401030933,Baltimore Ravens,BAL,"3-1, 1-1 away",14,0,3,9,26,Pittsburgh Steelers,PIT,"1-2-1, 0-2 home",0,14,0,0,14,Acrisure Stadium,"62,030","68,400","Pittsburgh, PA ","8:20 PM, September 30, 2018"
https://www.espn.com/nfl/playbyplay/_/gameId/401030934,Kansas City Chiefs,KC,"4-0, 3-0 away",3,7,3,14,27,Denver Broncos,DEN,"2-2, 2-1 home",3,10,7,3,23,Empower Field at Mile High,"76,656","76,125","Denver, CO ","8:15 PM, October 1, 2018"
https://www.espn.com/nfl/playbyplay/_/gameId/401030697,Indianapolis Colts,IND,"1-4, 1-2 away",0,3,7,14,24,New England Patriots,NE,"3-2, 3-0 home",7,17,0,14,38,Gillette Stadium,"65,878","65,878","Foxboro, MA ","8:20 PM, October 4, 2018"
https://www.espn.com/nfl/playbyplay/_/gameId/401030702,Tennessee Titans,TEN,"3-2, 1-2 away",3,3,0,6,12,Buffalo Bills,BUF,"2-3, 1-1 home",7,0,3,3,13,Highmark Stadium,"68,202","71,621","Orchard Park, NY ","1:00 PM, October 7, 2018"
https://www.espn.com/nfl/playbyplay/_/gameId/401030785,Miami Dolphins,MIA,"3-2, 1-2 away",0,14,3,0,17,Cincinnati Bengals,CIN,"4-1, 2-0 home",0,0,3,24,27,Paycor Stadium,"52,708","65,515","Cincinnati, OH ","1:00 PM, October 7, 2018"
https://www.espn.com/nfl/playbyplay/_/gameId/401030770,Baltimore Ravens,BAL,"3-2, 1-2 away",3,0,3,3,0,Cleveland Browns,CLE,"2-2-1, 2-0-1 home",0,6,3,0,3,Cleveland Browns Stadium,"67,431","67,431","Cleveland, OH ","1:00 PM, October 7, 2018"
https://www.espn.com/nfl/playbyplay/_/gameId/401030745,Green Bay Packers,GB,"2-2-1, 0-2 away",0,0,14,9,23,Detroit Lions,DET,"2-3, 2-1 home",14,10,0,7,31,Ford Field,"63,405","64,500","Detroit, MI ","1:00 PM, October 7, 2018"
https://www.espn.com/nfl/playbyplay/_/gameId/401030741,Jacksonville Jaguars,JAX,"3-2, 1-1 away",0,0,7,7,14,Kansas City Chiefs,KC,"5-0, 2-0 home",7,13,3,7,30,GEHA Field at Arrowhead Stadium,"75,289","72,936","Kansas City, MO ","1:00 PM, October 7, 2018"
https://www.espn.com/nfl/playbyplay/_/gameId/401030734,Denver Broncos,DEN,"2-3, 0-2 away",7,3,0,6,16,New York Jets,NYJ,"2-3, 1-1 home",0,21,3,10,34,MetLife Stadium,"77,982","82,500","East Rutherford, NJ ","1:00 PM, October 7, 2018"
https://www.espn.com/nfl/playbyplay/_/gameId/401030709,Atlanta Falcons,ATL,"1-4, 0-2 away",0,10,0,7,17,Pittsburgh Steelers,PIT,"2-2-1, 1-2 home",13,0,14,14,41,Acrisure Stadium,"64,781","68,400","Pittsburgh, PA ","1:00 PM, October 7, 2018"
https://www.espn.com/nfl/playbyplay/_/gameId/401030778,New York Giants,NYG,"1-4, 1-2 away",3,10,3,15,31,Carolina Panthers,CAR,"3-1, 3-0 home",7,13,0,13,33,Bank of America Stadium,"74,221","73,778","Charlotte, NC ","1:00 PM, October 7, 2018"
https://www.espn.com/nfl/playbyplay/_/gameId/401030793,Oakland Raiders,OAK,"1-4, 0-3 away",0,3,0,7,10,Los Angeles Chargers,LAC,"3-2, 2-1 home",3,14,3,6,26,Dignity Health Sports Park,"25,362","27,000","Carson, CA ","4:05 PM, October 7, 2018"
https://www.espn.com/nfl/playbyplay/_/gameId/401030803,Minnesota Vikings,MIN,"2-2-1, 1-1-1 away",3,14,3,3,23,Philadelphia Eagles,PHI,"2-3, 2-1 home",0,3,3,15,21,Lincoln Financial Field,"69,696","69,879","Philadelphia, PA ","4:25 PM, October 7, 2018"
https://www.espn.com/nfl/playbyplay/_/gameId/401030797,Arizona Cardinals,ARI,"1-4, 1-1 away",7,7,0,14,28,San Francisco 49ers,SF,"1-4, 1-1 home",6,0,0,12,18,Levi's Stadium,"68,337","68,500","Santa Clara, CA ","4:25 PM, October 7, 2018"
https://www.espn.com/nfl/playbyplay/_/gameId/401030808,Los Angeles Rams,LAR,"5-0, 2-0 away",7,10,7,9,33,Seattle Seahawks,SEA,"2-3, 1-1 home",7,10,14,0,31,Lumen Field,"68,893","68,740","Seattle, WA ","4:25 PM, October 7, 2018"
https://www.espn.com/nfl/playbyplay/_/gameId/401030831,Dallas Cowboys,DAL,"2-3, 0-3 away",6,0,7,3,0,Houston Texans,HOU,"2-3, 1-1 home",0,10,3,3,3,NRG Stadium,"72,008","71,995","Houston, TX ","8:20 PM, October 7, 2018"
https://www.espn.com/nfl/playbyplay/_/gameId/401030834,Washington Redskins,WSH,"2-2, 1-1 away",3,10,0,6,19,New Orleans Saints,NO,"4-1, 2-1 home",6,20,14,3,43,Caesars Superdome,"73,028","73,000","New Orleans, LA ","8:15 PM, October 8, 2018"
https://www.espn.com/nfl/playbyplay/_/gameId/401030692,Philadelphia Eagles,PHI,"3-3, 1-2 away",14,10,7,3,34,New York Giants,NYG,"1-5, 0-3 home",3,3,7,0,13,MetLife Stadium,"77,167","82,500","East Rutherford, NJ ","8:20 PM, October 11, 2018"
https://www.espn.com/nfl/playbyplay/_/gameId/401030695,Tampa Bay Buccaneers,TB,"2-3, 1-2 away",6,7,3,13,29,Atlanta Falcons,ATL,"2-4, 2-2 home",7,17,0,10,34,Mercedes-Benz Stadium,"72,665","75,000","Atlanta, GA ","1:00 PM, October 14, 2018"
https://www.espn.com/nfl/playbyplay/_/gameId/401030743,Pittsburgh Steelers,PIT,"3-2-1, 2-0-1 away",0,14,3,11,28,Cincinnati Bengals,CIN,"4-2, 2-1 home",7,7,0,7,21,Paycor Stadium,"60,594","65,515","Cincinnati, OH ","1:00 PM, October 14, 2018"
https://www.espn.com/nfl/playbyplay/_/gameId/401030746,Los Angeles Chargers,LAC,"4-2, 2-1 away",7,14,14,3,38,Cleveland Browns,CLE,"2-3-1, 2-1-1 home",0,6,0,8,14,Cleveland Browns Stadium,"67,431","67,431","Cleveland, OH ","1:00 PM, October 14, 2018"
https://www.espn.com/nfl/playbyplay/_/gameId/401030706,Seattle Seahawks,SEA,3-3,7,10,3,7,27,Oakland Raiders,OAK,1-5,0,0,0,3,3,Wembley Stadium,"84,922","86,000",London ,"1:00 PM, October 14, 2018"
https://www.espn.com/nfl/playbyplay/_/gameId/401030771,Chicago Bears,CHI,"3-2, 1-2 away",0,0,21,7,0,Miami Dolphins,MIA,"4-2, 3-0 home",7,0,6,15,3,Hard Rock Stadium,"65,791","64,767","Miami Gardens, FL ","1:00 PM, October 14, 2018"
https://www.espn.com/nfl/playbyplay/_/gameId/401030742,Arizona Cardinals,ARI,"1-5, 1-2 away",3,7,0,7,17,Minnesota Vikings,MIN,"3-2-1, 2-1 home",10,3,14,0,27,U.S. Bank Stadium,"66,801","66,468","Minneapolis, MN ","1:00 PM, October 14, 2018"
https://www.espn.com/nfl/playbyplay/_/gameId/401030737,Indianapolis Colts,IND,"1-5, 1-3 away",7,6,7,14,34,New York Jets,NYJ,"3-3, 2-1 home",10,13,10,9,42,MetLife Stadium,"77,982","82,500","East Rutherford, NJ ","1:00 PM, October 14, 2018"
https://www.espn.com/nfl/playbyplay/_/gameId/401030701,Carolina Panthers,CAR,"3-2, 0-2 away",0,6,3,8,17,Washington Redskins,WSH,"3-2, 2-1 home",14,3,0,6,23,FedExField,"60,482","67,617","Landover, MD ","1:00 PM, October 14, 2018"
https://www.espn.com/nfl/playbyplay/_/gameId/401030748,Buffalo Bills,BUF,"2-4, 1-3 away",0,0,6,7,13,Houston Texans,HOU,"3-3, 2-1 home",7,3,0,10,20,NRG Stadium,"71,638","71,995","Houston, TX ","1:00 PM, October 14, 2018"
https://www.espn.com/nfl/playbyplay/_/gameId/401030773,Los Angeles Rams,LAR,"6-0, 3-0 away",6,7,7,3,23,Denver Broncos,DEN,"2-4, 2-2 home",3,0,7,10,20,Empower Field at Mile High,"76,109","76,125","Denver, CO ","4:05 PM, October 14, 2018"
https://www.espn.com/nfl/playbyplay/_/gameId/401030776,Jacksonville Jaguars,JAX,"3-3, 1-2 away",0,0,7,0,7,Dallas Cowboys,DAL,"3-3, 3-0 home",10,14,6,10,40,AT&T Stadium,"90,767","100,000","Arlington, TX ","4:25 PM, October 14, 2018"
https://www.espn.com/nfl/playbyplay/_/gameId/401030774,Baltimore Ravens,BAL,"4-2, 2-2 away",7,7,7,0,21,Tennessee Titans,TEN,"3-3, 2-1 home",0,0,0,0,0,Nissan Stadium,"64,441","69,143","Nashville, TN ","4:25 PM, October 14, 2018"
https://www.espn.com/nfl/playbyplay/_/gameId/401030779,Kansas City Chiefs,KC,"5-1, 3-1 away",6,3,17,14,40,New England Patriots,NE,"4-2, 4-0 home",10,14,3,16,43,Gillette Stadium,"65,878","65,878","Foxboro, MA ","8:20 PM, October 14, 2018"
https://www.espn.com/nfl/playbyplay/_/gameId/401030783,San Francisco 49ers,SF,"1-5, 0-4 away",14,10,3,3,30,Green Bay Packers,GB,"3-2-1, 3-0-1 home",17,3,3,10,33,Lambeau Field,"77,642","81,041","Green Bay, WI ","8:15 PM, October 15, 2018"
https://www.espn.com/nfl/playbyplay/_/gameId/401030800,Denver Broncos,DEN,"3-4, 1-2 away",21,14,7,3,45,Arizona Cardinals,ARI,"1-6, 0-4 home",3,0,7,0,10,State Farm Stadium,"62,359","65,000","Glendale, AZ ","8:20 PM, October 18, 2018"
https://www.espn.com/nfl/playbyplay/_/gameId/401030792,Tennessee Titans,TEN,3-4,3,3,7,6,19,Los Angeles Chargers,LAC,5-2,10,0,7,3,20,Wembley Stadium,"84,301","86,000",London ,"9:30 AM, October 21, 2018"
https://www.espn.com/nfl/playbyplay/_/gameId/401030832,New England Patriots,NE,"5-2, 1-2 away",7,14,10,7,38,Chicago Bears,CHI,"3-3, 2-1 home",10,7,7,7,31,Soldier Field,"62,389","61,500","Chicago, IL ","1:00 PM, October 21, 2018"
https://www.espn.com/nfl/playbyplay/_/gameId/401030833,Buffalo Bills,BUF,"2-5, 1-4 away",0,0,5,0,5,Indianapolis Colts,IND,"2-5, 1-2 home",0,24,0,13,37,Lucas Oil Stadium,"56,848","63,000","Indianapolis, IN ","1:00 PM, October 21, 2018"
https://www.espn.com/nfl/playbyplay/_/gameId/401030830,Detroit Lions,DET,"3-3, 1-2 away",7,10,9,6,32,Miami Dolphins,MIA,"4-3, 3-1 home",0,7,7,7,21,Hard Rock Stadium,"65,265","64,767","Miami Gardens, FL ","1:00 PM, October 21, 2018"
https://www.espn.com/nfl/playbyplay/_/gameId/401030809,Minnesota Vikings,MIN,"4-2-1, 2-1-1 away",7,3,10,17,37,New York Jets,NYJ,"3-4, 2-2 home",7,0,3,7,17,MetLife Stadium,"77,982","82,500","East Rutherford, NJ ","1:00 PM, October 21, 2018"
https://www.espn.com/nfl/playbyplay/_/gameId/401030807,Carolina Panthers,CAR,"4-2, 1-2 away",0,0,0,21,21,Philadelphia Eagles,PHI,"3-4, 2-2 home",0,10,7,0,17,Lincoln Financial Field,"69,696","69,879","Philadelphia, PA ","1:00 PM, October 21, 2018"
https://www.espn.com/nfl/playbyplay/_/gameId/401030806,Cleveland Browns,CLE,"2-4-1, 0-3 away",2,0,7,14,0,Tampa Bay Buccaneers,TB,"3-3, 2-1 home",3,13,7,0,3,Raymond James Stadium,"53,682","65,828","Tampa, FL ","1:00 PM, October 21, 2018"
https://www.espn.com/nfl/playbyplay/_/gameId/401030835,Houston Texans,HOU,"4-3, 2-2 away",6,7,7,0,20,Jacksonville Jaguars,JAX,"3-4, 2-2 home",0,0,7,0,7,TIAA Bank Field,"66,534","67,858","Jacksonville, FL ","1:00 PM, October 21, 2018"
https://www.espn.com/nfl/playbyplay/_/gameId/401030836,New Orleans Saints,NO,"5-1, 3-0 away",0,7,0,17,24,Baltimore Ravens,BAL,"4-3, 2-1 home",0,10,7,6,23,M&T Bank Stadium,"70,639","70,745","Baltimore, MD ","4:05 PM, October 21, 2018"
https://www.espn.com/nfl/playbyplay/_/gameId/401030838,Los Angeles Rams,LAR,"7-0, 4-0 away",3,19,10,7,39,San Francisco 49ers,SF,"1-6, 1-2 home",0,7,3,0,10,Levi's Stadium,"66,597","68,500","Santa Clara, CA ","4:25 PM, October 21, 2018"
https://www.espn.com/nfl/playbyplay/_/gameId/401030837,Dallas Cowboys,DAL,"3-4, 0-4 away",0,7,0,10,17,Washington Redskins,WSH,"4-2, 3-1 home",7,0,3,10,20,FedExField,"66,301","67,617","Landover, MD ","4:25 PM, October 21, 2018"
https://www.espn.com/nfl/playbyplay/_/gameId/401030804,Cincinnati Bengals,CIN,"4-3, 2-2 away",0,7,3,0,10,Kansas City Chiefs,KC,"6-1, 3-0 home",7,17,14,7,45,GEHA Field at Arrowhead Stadium,"75,676","72,936","Kansas City, MO ","8:20 PM, October 21, 2018"
https://www.espn.com/nfl/playbyplay/_/gameId/401030796,New York Giants,NYG,"1-6, 1-3 away",0,3,3,14,20,Atlanta Falcons,ATL,"3-4, 3-2 home",0,10,0,13,23,Mercedes-Benz Stadium,"72,756","75,000","Atlanta, GA ","8:15 PM, October 22, 2018"
https://www.espn.com/nfl/playbyplay/_/gameId/401030703,Miami Dolphins,MIA,"4-4, 1-3 away",7,3,10,3,23,Houston Texans,HOU,"5-3, 3-1 home",7,7,14,14,42,NRG Stadium,"71,726","71,995","Houston, TX ","8:20 PM, October 25, 2018"
https://www.espn.com/nfl/playbyplay/_/gameId/401030699,Philadelphia Eagles,PHI,4-4,0,10,7,7,24,Jacksonville Jaguars,JAX,3-5,3,3,6,6,18,Wembley Stadium,"85,870","86,000",London ,"9:30 AM, October 28, 2018"
https://www.espn.com/nfl/playbyplay/_/gameId/401030747,New York Jets,NYJ,"3-5, 1-3 away",0,3,0,7,10,Chicago Bears,CHI,"4-3, 3-1 home",7,0,7,10,24,Soldier Field,"61,397","61,500","Chicago, IL ","1:00 PM, October 28, 2018"
https://www.espn.com/nfl/playbyplay/_/gameId/401030744,Tampa Bay Buccaneers,TB,"3-4, 1-3 away",0,9,7,18,34,Cincinnati Bengals,CIN,"5-3, 3-1 home",7,20,7,3,37,Paycor Stadium,"45,134","65,515","Cincinnati, OH ","1:00 PM, October 28, 2018"
https://www.espn.com/nfl/playbyplay/_/gameId/401030740,Seattle Seahawks,SEA,"4-3, 3-2 away",0,21,0,7,28,Detroit Lions,DET,"3-4, 2-2 home",7,0,0,7,14,Ford Field,"65,237","64,500","Detroit, MI ","1:00 PM, October 28, 2018"
https://www.espn.com/nfl/playbyplay/_/gameId/401030707,Denver Broncos,DEN,"3-5, 1-3 away",7,7,0,9,23,Kansas City Chiefs,KC,"7-1, 4-0 home",3,13,14,0,30,GEHA Field at Arrowhead Stadium,"77,103","72,936","Kansas City, MO ","1:00 PM, October 28, 2018"
https://www.espn.com/nfl/playbyplay/_/gameId/401030735,Washington Redskins,WSH,"5-2, 2-1 away",7,0,3,10,20,New York Giants,NYG,"1-7, 0-4 home",0,3,0,10,13,MetLife Stadium,"77,537","82,500","East Rutherford, NJ ","1:00 PM, October 28, 2018"
https://www.espn.com/nfl/playbyplay/_/gameId/401030731,Cleveland Browns,CLE,"2-5-1, 0-4 away",6,0,6,6,18,Pittsburgh Steelers,PIT,"4-2-1, 2-2 home",0,14,9,10,33,Acrisure Stadium,"63,780","68,400","Pittsburgh, PA ","1:00 PM, October 28, 2018"
https://www.espn.com/nfl/playbyplay/_/gameId/401030849,Baltimore Ravens,BAL,"4-4, 2-3 away",7,0,7,7,21,Carolina Panthers,CAR,"5-2, 4-0 home",7,17,3,9,36,Bank of America Stadium,"73,843","73,778","Charlotte, NC ","1:00 PM, October 28, 2018"
https://www.espn.com/nfl/playbyplay/_/gameId/401030749,Indianapolis Colts,IND,"3-5, 2-3 away",10,3,8,21,42,Oakland Raiders,OAK,"1-6, 1-3 home",0,14,14,0,28,Oakland Coliseum,"54,372","55,997","Oakland, CA ","4:05 PM, October 28, 2018"
https://www.espn.com/nfl/playbyplay/_/gameId/401030780,Green Bay Packers,GB,"3-3-1, 0-3 away",7,3,10,7,27,Los Angeles Rams,LAR,"8-0, 4-0 home",0,8,15,6,29,Los Angeles Memorial Coliseum,"75,822","77,500","Los Angeles, CA ","4:25 PM, October 28, 2018"
https://www.espn.com/nfl/playbyplay/_/gameId/401030772,San Francisco 49ers,SF,"1-7, 0-5 away",2,3,7,3,15,Arizona Cardinals,ARI,"2-6, 1-4 home",0,3,0,15,18,State Farm Stadium,"61,923","65,000","Glendale, AZ ","4:25 PM, October 28, 2018"
https://www.espn.com/nfl/playbyplay/_/gameId/401030786,New Orleans Saints,NO,"6-1, 4-0 away",7,10,10,3,30,Minnesota Vikings,MIN,"4-3-1, 2-2 home",7,6,0,7,20,U.S. Bank Stadium,"66,801","66,468","Minneapolis, MN ","8:20 PM, October 28, 2018"
https://www.espn.com/nfl/playbyplay/_/gameId/401030789,New England Patriots,NE,"6-2, 2-2 away",3,6,3,13,25,Buffalo Bills,BUF,"2-6, 1-2 home",0,3,3,0,6,Highmark Stadium,"70,109","71,621","Orchard Park, NY ","8:15 PM, October 29, 2018"
https://www.espn.com/nfl/playbyplay/_/gameId/401030767,Oakland Raiders,OAK,"1-7, 0-4 away",3,0,0,0,3,San Francisco 49ers,SF,"2-7, 2-2 home",7,10,14,3,34,Levi's Stadium,"69,592","68,500","Santa Clara, CA ","8:20 PM, November 1, 2018"
https://www.espn.com/nfl/playbyplay/_/gameId/401030769,Chicago Bears,CHI,"5-3, 2-2 away",0,28,3,10,41,Buffalo Bills,BUF,"2-7, 1-3 home",0,0,3,6,9,Highmark Stadium,"68,749","71,621","Orchard Park, NY ","1:00 PM, November 4, 2018"
https://www.espn.com/nfl/playbyplay/_/gameId/401030814,Kansas City Chiefs,KC,"8-1, 4-1 away",7,14,13,3,37,Cleveland Browns,CLE,"2-6-1, 2-2-1 home",3,12,0,6,21,Cleveland Browns Stadium,"67,431","67,431","Cleveland, OH ","1:00 PM, November 4, 2018"
https://www.espn.com/nfl/playbyplay/_/gameId/401030816,New York Jets,NYJ,"3-6, 1-4 away",0,3,0,3,6,Miami Dolphins,MIA,"5-4, 4-1 home",0,6,0,7,13,Hard Rock Stadium,"65,533","64,767","Miami Gardens, FL ","1:00 PM, November 4, 2018"
https://www.espn.com/nfl/playbyplay/_/gameId/401030822,Detroit Lions,DET,"3-5, 1-3 away",0,6,0,3,9,Minnesota Vikings,MIN,"5-3-1, 3-2 home",7,10,0,7,24,U.S. Bank Stadium,"66,825","66,468","Minneapolis, MN ","1:00 PM, November 4, 2018"
https://www.espn.com/nfl/playbyplay/_/gameId/401030826,Atlanta Falcons,ATL,"4-4, 1-2 away",7,14,7,10,38,Washington Redskins,WSH,"5-3, 3-2 home",0,7,7,0,14,FedExField,"62,386","67,617","Landover, MD ","1:00 PM, November 4, 2018"
https://www.espn.com/nfl/playbyplay/_/gameId/401030811,Tampa Bay Buccaneers,TB,"3-5, 1-4 away",0,14,7,7,28,Carolina Panthers,CAR,"6-2, 5-0 home",14,21,0,7,42,Bank of America Stadium,"73,513","73,778","Charlotte, NC ","1:00 PM, November 4, 2018"
https://www.espn.com/nfl/playbyplay/_/gameId/401030819,Pittsburgh Steelers,PIT,"5-2-1, 3-0-1 away",7,7,6,3,23,Baltimore Ravens,BAL,"4-5, 2-2 home",3,3,7,3,16,M&T Bank Stadium,"70,997","70,745","Baltimore, MD ","1:00 PM, November 4, 2018"
https://www.espn.com/nfl/playbyplay/_/gameId/401030829,Houston Texans,HOU,"6-3, 3-2 away",7,9,0,3,19,Denver Broncos,DEN,"3-6, 2-3 home",3,7,7,0,17,Empower Field at Mile High,"76,270","76,125","Denver, CO ","4:05 PM, November 4, 2018"
https://www.espn.com/nfl/playbyplay/_/gameId/401030852,Los Angeles Chargers,LAC,"6-2, 3-1 away",6,13,0,6,25,Seattle Seahawks,SEA,"4-4, 1-2 home",7,3,0,7,17,Lumen Field,"68,989","68,740","Seattle, WA ","4:05 PM, November 4, 2018"
https://www.espn.com/nfl/playbyplay/_/gameId/401030855,Los Angeles Rams,LAR,"8-1, 4-1 away",7,10,10,8,35,New Orleans Saints,NO,"7-1, 3-1 home",14,21,0,10,45,Caesars Superdome,"73,086","73,000","New Orleans, LA ","4:25 PM, November 4, 2018"
https://www.espn.com/nfl/playbyplay/_/gameId/401030858,Green Bay Packers,GB,"3-4-1, 0-4 away",3,7,7,0,17,New England Patriots,NE,"7-2, 5-0 home",7,10,0,14,31,Gillette Stadium,"65,878","65,878","Foxboro, MA ","8:20 PM, November 4, 2018"
https://www.espn.com/nfl/playbyplay/_/gameId/401030862,Tennessee Titans,TEN,"4-4, 2-3 away",0,14,7,7,28,Dallas Cowboys,DAL,"3-5, 3-1 home",7,7,0,0,14,AT&T Stadium,"90,466","100,000","Arlington, TX ","8:15 PM, November 5, 2018"
https://www.espn.com/nfl/playbyplay/_/gameId/401030729,Carolina Panthers,CAR,"6-3, 1-3 away",7,7,0,7,21,Pittsburgh Steelers,PIT,"6-2-1, 3-2 home",21,10,14,7,52,Acrisure Stadium,"62,881","68,400","Pittsburgh, PA ","8:20 PM, November 8, 2018"
https://www.espn.com/nfl/playbyplay/_/gameId/401030810,Detroit Lions,DET,"3-6, 1-4 away",0,7,3,12,22,Chicago Bears,CHI,"6-3, 4-1 home",13,13,8,0,34,Soldier Field,"61,393","61,500","Chicago, IL ","1:00 PM, November 11, 2018"
https://www.espn.com/nfl/playbyplay/_/gameId/401030752,New Orleans Saints,NO,"8-1, 5-0 away",7,28,10,6,51,Cincinnati Bengals,CIN,"5-4, 3-2 home",7,0,0,7,14,Paycor Stadium,"52,492","65,515","Cincinnati, OH ","1:00 PM, November 11, 2018"
https://www.espn.com/nfl/playbyplay/_/gameId/401030754,Atlanta Falcons,ATL,"4-5, 1-3 away",0,10,0,6,16,Cleveland Browns,CLE,"3-6-1, 3-2-1 home",7,7,14,0,28,Cleveland Browns Stadium,"62,144","67,431","Cleveland, OH ","1:00 PM, November 11, 2018"
https://www.espn.com/nfl/playbyplay/_/gameId/401030821,New England Patriots,NE,"7-3, 2-3 away",3,7,0,0,10,Tennessee Titans,TEN,"5-4, 3-1 home",17,7,3,7,34,Nissan Stadium,"69,363","69,143","Nashville, TN ","1:00 PM, November 11, 2018"
https://www.espn.com/nfl/playbyplay/_/gameId/401030766,Jacksonville Jaguars,JAX,"3-6, 1-3 away",7,9,7,3,26,Indianapolis Colts,IND,"4-5, 2-2 home",14,15,0,0,29,Lucas Oil Stadium,"57,473","63,000","Indianapolis, IN ","1:00 PM, November 11, 2018"
https://www.espn.com/nfl/playbyplay/_/gameId/401030815,Arizona Cardinals,ARI,"2-7, 1-3 away",7,0,7,0,14,Kansas City Chiefs,KC,"9-1, 5-0 home",10,10,0,6,26,GEHA Field at Arrowhead Stadium,"76,712","72,936","Kansas City, MO ","1:00 PM, November 11, 2018"
https://www.espn.com/nfl/playbyplay/_/gameId/401030853,Buffalo Bills,BUF,"3-7, 2-4 away",14,17,7,3,41,New York Jets,NYJ,"3-7, 2-3 home",0,3,7,0,10,MetLife Stadium,"77,982","82,500","East Rutherford, NJ ","1:00 PM, November 11, 2018"
https://www.espn.com/nfl/playbyplay/_/gameId/401030828,Washington Redskins,WSH,"6-3, 3-1 away",3,3,0,10,16,Tampa Bay Buccaneers,TB,"3-6, 2-2 home",0,3,0,0,3,Raymond James Stadium,"52,667","65,828","Tampa, FL ","1:00 PM, November 11, 2018"
https://www.espn.com/nfl/playbyplay/_/gameId/401030859,Los Angeles Chargers,LAC,"7-2, 4-1 away",0,10,7,3,20,Oakland Raiders,OAK,"1-8, 1-4 home",3,0,0,3,6,Oakland Coliseum,"54,750","55,997","Oakland, CA ","4:05 PM, November 11, 2018"
https://www.espn.com/nfl/playbyplay/_/gameId/401030756,Miami Dolphins,MIA,"5-5, 1-4 away",3,6,3,0,12,Green Bay Packers,GB,"4-4-1, 4-0-1 home",7,7,14,3,31,Lambeau Field,"78,076","81,041","Green Bay, WI ","4:25 PM, November 11, 2018"
https://www.espn.com/nfl/playbyplay/_/gameId/401030865,Seattle Seahawks,SEA,"4-5, 3-3 away",14,0,7,10,31,Los Angeles Rams,LAR,"9-1, 5-0 home",7,10,3,16,36,Los Angeles Memorial Coliseum,"72,755","77,500","Los Angeles, CA ","4:25 PM, November 11, 2018"
https://www.espn.com/nfl/playbyplay/_/gameId/401030869,Dallas Cowboys,DAL,"4-5, 1-4 away",3,10,0,14,27,Philadelphia Eagles,PHI,"4-5, 2-3 home",0,3,10,7,20,Lincoln Financial Field,"69,696","69,879","Philadelphia, PA ","8:20 PM, November 11, 2018"
https://www.espn.com/nfl/playbyplay/_/gameId/401030873,New York Giants,NYG,"2-7, 2-3 away",7,3,10,7,27,San Francisco 49ers,SF,"2-8, 2-3 home",3,10,7,3,23,Levi's Stadium,"69,409","68,500","Santa Clara, CA ","8:15 PM, November 12, 2018"
https://www.espn.com/nfl/playbyplay/_/gameId/401030878,Green Bay Packers,GB,"4-5-1, 0-5 away",14,7,0,3,24,Seattle Seahawks,SEA,"5-5, 2-2 home",3,14,0,10,27,Lumen Field,"69,007","68,740","Seattle, WA ","8:20 PM, November 15, 2018"
https://www.espn.com/nfl/playbyplay/_/gameId/401030929,Dallas Cowboys,DAL,"5-5, 2-4 away",3,0,3,16,22,Atlanta Falcons,ATL,"4-6, 3-3 home",0,6,3,10,19,Mercedes-Benz Stadium,"74,447","75,000","Atlanta, GA ","1:00 PM, November 18, 2018"
https://www.espn.com/nfl/playbyplay/_/gameId/401030910,Carolina Panthers,CAR,"6-4, 1-4 away",7,0,0,12,19,Detroit Lions,DET,"4-6, 3-2 home",7,3,3,7,20,Ford Field,"61,999","64,500","Detroit, MI ","1:00 PM, November 18, 2018"
https://www.espn.com/nfl/playbyplay/_/gameId/401030922,Tennessee Titans,TEN,"5-5, 2-4 away",0,3,0,7,10,Indianapolis Colts,IND,"5-5, 3-2 home",7,17,7,7,38,Lucas Oil Stadium,"57,401","63,000","Indianapolis, IN ","1:00 PM, November 18, 2018"
https://www.espn.com/nfl/playbyplay/_/gameId/401030952,Tampa Bay Buccaneers,TB,"3-7, 1-5 away",0,7,7,21,35,New York Giants,NYG,"3-7, 1-4 home",7,7,10,14,38,MetLife Stadium,"75,863","82,500","East Rutherford, NJ ","1:00 PM, November 18, 2018"
https://www.espn.com/nfl/playbyplay/_/gameId/401030966,Houston Texans,HOU,"7-3, 4-2 away",10,7,3,3,23,Washington Redskins,WSH,"6-4, 3-3 home",0,7,7,7,21,FedExField,"61,593","67,617","Landover, MD ","1:00 PM, November 18, 2018"
https://www.espn.com/nfl/playbyplay/_/gameId/401030971,Pittsburgh Steelers,PIT,"7-2-1, 4-0-1 away",0,0,6,14,20,Jacksonville Jaguars,JAX,"3-7, 2-4 home",0,9,7,0,16,TIAA Bank Field,"67,683","67,858","Jacksonville, FL ","1:00 PM, November 18, 2018"
https://www.espn.com/nfl/playbyplay/_/gameId/401030894,Cincinnati Bengals,CIN,"5-5, 2-3 away",0,7,14,0,21,Baltimore Ravens,BAL,"5-5, 3-2 home",7,6,8,3,24,M&T Bank Stadium,"70,077","70,745","Baltimore, MD ","1:00 PM, November 18, 2018"
https://www.espn.com/nfl/playbyplay/_/gameId/401030970,Oakland Raiders,OAK,"2-8, 1-4 away",7,7,6,3,23,Arizona Cardinals,ARI,"2-8, 1-5 home",14,0,0,7,21,State Farm Stadium,"62,435","65,000","Glendale, AZ ","4:05 PM, November 18, 2018"
https://www.espn.com/nfl/playbyplay/_/gameId/401030969,Denver Broncos,DEN,"4-6, 2-3 away",0,7,7,9,23,Los Angeles Chargers,LAC,"7-3, 3-2 home",6,7,6,3,22,Dignity Health Sports Park,"25,462","27,000","Carson, CA ","4:05 PM, November 18, 2018"
https://www.espn.com/nfl/playbyplay/_/gameId/401030963,Philadelphia Eagles,PHI,"4-6, 2-3 away",0,7,0,0,7,New Orleans Saints,NO,"9-1, 4-1 home",10,14,14,10,48,Caesars Superdome,"73,042","73,000","New Orleans, LA ","4:25 PM, November 18, 2018"
https://www.espn.com/nfl/playbyplay/_/gameId/401030903,Minnesota Vikings,MIN,"5-4-1, 2-2-1 away",0,0,3,17,20,Chicago Bears,CHI,"7-3, 5-1 home",3,11,0,11,25,Soldier Field,"61,651","61,500","Chicago, IL ","8:20 PM, November 18, 2018"
https://www.espn.com/nfl/playbyplay/_/gameId/401030972,Kansas City Chiefs,KC,"9-2, 4-2 away",7,16,7,21,51,Los Angeles Rams,LAR,"10-1, 6-0 home",13,10,17,14,54,Los Angeles Memorial Coliseum,"77,002","77,500","Los Angeles, CA ","8:15 PM, November 19, 2018"
https://www.espn.com/nfl/playbyplay/_/gameId/401030905,Chicago Bears,CHI,"8-3, 3-2 away",0,9,0,14,23,Detroit Lions,DET,"4-7, 3-3 home",0,7,6,3,16,Ford Field,"65,684","64,500","Detroit, MI ","12:30 PM, November 22, 2018"
https://www.espn.com/nfl/playbyplay/_/gameId/401030925,Washington Redskins,WSH,"6-5, 3-2 away",0,7,6,10,23,Dallas Cowboys,DAL,"6-5, 4-1 home",7,3,14,7,31,AT&T Stadium,"92,076","100,000","Arlington, TX ","4:30 PM, November 22, 2018"
https://www.espn.com/nfl/playbyplay/_/gameId/401030923,Atlanta Falcons,ATL,"4-7, 1-4 away",3,0,7,7,17,New Orleans Saints,NO,"10-1, 5-1 home",7,10,7,7,31,Caesars Superdome,"73,017","73,000","New Orleans, LA ","8:20 PM, November 22, 2018"
https://www.espn.com/nfl/playbyplay/_/gameId/401030919,Jacksonville Jaguars,JAX,"3-8, 1-4 away",0,14,0,7,21,Buffalo Bills,BUF,"4-7, 2-3 home",14,0,0,10,24,Highmark Stadium,"57,799","71,621","Orchard Park, NY ","1:00 PM, November 25, 2018"
https://www.espn.com/nfl/playbyplay/_/gameId/401030921,Cleveland Browns,CLE,"4-6-1, 1-4 away",14,14,7,0,35,Cincinnati Bengals,CIN,"5-6, 3-3 home",0,7,7,6,20,Paycor Stadium,"56,122","65,515","Cincinnati, OH ","1:00 PM, November 25, 2018"
https://www.espn.com/nfl/playbyplay/_/gameId/401030904,New England Patriots,NE,"8-3, 3-3 away",7,3,10,7,27,New York Jets,NYJ,"3-8, 2-4 home",7,3,3,0,13,MetLife Stadium,"77,982","82,500","East Rutherford, NJ ","1:00 PM, November 25, 2018"
https://www.espn.com/nfl/playbyplay/_/gameId/401030914,New York Giants,NYG,"3-8, 2-4 away",9,10,0,3,22,Philadelphia Eagles,PHI,"5-6, 3-3 home",0,11,3,11,25,Lincoln Financial Field,"69,696","69,879","Philadelphia, PA ","1:00 PM, November 25, 2018"
https://www.espn.com/nfl/playbyplay/_/gameId/401030902,San Francisco 49ers,SF,"2-9, 0-6 away",0,6,3,0,9,Tampa Bay Buccaneers,TB,"4-7, 3-2 home",7,6,7,7,27,Raymond James Stadium,"50,436","65,828","Tampa, FL ","1:00 PM, November 25, 2018"
https://www.espn.com/nfl/playbyplay/_/gameId/401030920,Seattle Seahawks,SEA,"6-5, 4-3 away",0,10,7,13,30,Carolina Panthers,CAR,"6-5, 5-1 home",3,10,7,7,27,Bank of America Stadium,"74,002","73,778","Charlotte, NC ","1:00 PM, November 25, 2018"
https://www.espn.com/nfl/playbyplay/_/gameId/401030916,Oakland Raiders,OAK,"2-9, 1-5 away",7,3,7,0,17,Baltimore Ravens,BAL,"6-5, 4-2 home",3,10,7,14,34,M&T Bank Stadium,"70,035","70,745","Baltimore, MD ","1:00 PM, November 25, 2018"
https://www.espn.com/nfl/playbyplay/_/gameId/401030912,Arizona Cardinals,ARI,"2-9, 1-4 away",10,0,0,0,10,Los Angeles Chargers,LAC,"8-3, 4-2 home",0,28,14,3,45,Dignity Health Sports Park,"25,343","27,000","Carson, CA ","4:05 PM, November 25, 2018"
https://www.espn.com/nfl/playbyplay/_/gameId/401030911,Pittsburgh Steelers,PIT,"7-3-1, 4-1-1 away",0,10,7,0,17,Denver Broncos,DEN,"5-6, 3-3 home",3,7,7,7,24,Empower Field at Mile High,"76,536","76,125","Denver, CO ","4:25 PM, November 25, 2018"
https://www.espn.com/nfl/playbyplay/_/gameId/401030906,Miami Dolphins,MIA,"5-6, 1-5 away",7,7,3,7,24,Indianapolis Colts,IND,"6-5, 4-2 home",7,7,0,13,27,Lucas Oil Stadium,"57,069","63,000","Indianapolis, IN ","4:25 PM, November 25, 2018"
https://www.espn.com/nfl/playbyplay/_/gameId/401030908,Green Bay Packers,GB,"4-6-1, 0-6 away",7,7,0,3,17,Minnesota Vikings,MIN,"6-4-1, 4-2 home",7,7,10,0,24,U.S. Bank Stadium,"66,872","66,468","Minneapolis, MN ","8:20 PM, November 25, 2018"
https://www.espn.com/nfl/playbyplay/_/gameId/401030762,Tennessee Titans,TEN,"5-6, 2-5 away",10,0,7,0,17,Houston Texans,HOU,"8-3, 4-1 home",7,17,3,7,34,NRG Stadium,"71,826","71,995","Houston, TX ","8:15 PM, November 26, 2018"
https://www.espn.com/nfl/playbyplay/_/gameId/401030899,New Orleans Saints,NO,"10-2, 5-1 away",0,0,10,0,10,Dallas Cowboys,DAL,"7-5, 5-1 home",10,3,0,0,13,AT&T Stadium,"93,004","100,000","Arlington, TX ","8:20 PM, November 29, 2018"
https://www.espn.com/nfl/playbyplay/_/gameId/401030928,Baltimore Ravens,BAL,"7-5, 3-3 away",7,3,6,10,26,Atlanta Falcons,ATL,"4-8, 3-4 home",3,7,0,6,16,Mercedes-Benz Stadium,"72,262","75,000","Atlanta, GA ","1:00 PM, December 2, 2018"
https://www.espn.com/nfl/playbyplay/_/gameId/401030955,Denver Broncos,DEN,"6-6, 3-3 away",0,7,14,3,24,Cincinnati Bengals,CIN,"5-7, 3-4 home",0,3,7,0,10,Paycor Stadium,"44,392","65,515","Cincinnati, OH ","1:00 PM, December 2, 2018"
https://www.espn.com/nfl/playbyplay/_/gameId/401030957,Los Angeles Rams,LAR,"11-1, 5-1 away",3,10,3,14,30,Detroit Lions,DET,"4-8, 3-4 home",0,3,10,3,16,Ford Field,"60,974","64,500","Detroit, MI ","1:00 PM, December 2, 2018"
https://www.espn.com/nfl/playbyplay/_/gameId/401030965,Arizona Cardinals,ARI,"3-9, 2-4 away",0,7,10,3,20,Green Bay Packers,GB,"4-7-1, 4-1-1 home",0,10,0,7,17,Lambeau Field,"77,234","81,041","Green Bay, WI ","1:00 PM, December 2, 2018"
https://www.espn.com/nfl/playbyplay/_/gameId/401030954,Buffalo Bills,BUF,"4-8, 2-5 away",0,6,3,8,17,Miami Dolphins,MIA,"6-6, 5-1 home",7,7,0,7,21,Hard Rock Stadium,"65,155","64,767","Miami Gardens, FL ","1:00 PM, December 2, 2018"
https://www.espn.com/nfl/playbyplay/_/gameId/401030953,Chicago Bears,CHI,"8-4, 3-3 away",7,7,0,13,0,New York Giants,NYG,"4-8, 2-4 home",7,3,14,3,3,MetLife Stadium,"76,465","82,500","East Rutherford, NJ ","1:00 PM, December 2, 2018"
https://www.espn.com/nfl/playbyplay/_/gameId/401030968,Carolina Panthers,CAR,"6-6, 1-5 away",7,0,10,0,17,Tampa Bay Buccaneers,TB,"5-7, 4-2 home",10,7,7,0,24,Raymond James Stadium,"52,568","65,828","Tampa, FL ","1:00 PM, December 2, 2018"
https://www.espn.com/nfl/playbyplay/_/gameId/401030962,Indianapolis Colts,IND,"6-6, 2-4 away",0,0,0,0,0,Jacksonville Jaguars,JAX,"4-8, 3-4 home",0,3,0,3,6,TIAA Bank Field,"67,030","67,858","Jacksonville, FL ","1:00 PM, December 2, 2018"
https://www.espn.com/nfl/playbyplay/_/gameId/401030964,Cleveland Browns,CLE,"4-7-1, 1-5 away",0,0,7,6,13,Houston Texans,HOU,"9-3, 5-1 home",10,13,3,3,29,NRG Stadium,"71,741","71,995","Houston, TX ","1:00 PM, December 2, 2018"
https://www.espn.com/nfl/playbyplay/_/gameId/401030960,New York Jets,NYJ,"3-9, 1-5 away",10,6,6,0,22,Tennessee Titans,TEN,"6-6, 4-1 home",0,6,7,13,26,Nissan Stadium,"60,904","69,143","Nashville, TN ","4:05 PM, December 2, 2018"
https://www.espn.com/nfl/playbyplay/_/gameId/401030935,Kansas City Chiefs,KC,"10-2, 5-2 away",10,9,14,7,40,Oakland Raiders,OAK,"2-10, 1-5 home",0,7,9,17,33,Oakland Coliseum,"54,255","55,997","Oakland, CA ","4:05 PM, December 2, 2018"
https://www.espn.com/nfl/playbyplay/_/gameId/401030959,Minnesota Vikings,MIN,"6-5-1, 2-3-1 away",0,7,3,0,10,New England Patriots,NE,"9-3, 6-0 home",7,3,7,7,24,Gillette Stadium,"65,878","65,878","Foxboro, MA ","4:25 PM, December 2, 2018"
https://www.espn.com/nfl/playbyplay/_/gameId/401030958,San Francisco 49ers,SF,"2-10, 0-7 away",0,3,7,6,16,Seattle Seahawks,SEA,"7-5, 3-2 home",6,14,7,16,43,Lumen Field,"69,009","68,740","Seattle, WA ","4:25 PM, December 2, 2018"
https://www.espn.com/nfl/playbyplay/_/gameId/401030951,Los Angeles Chargers,LAC,"9-3, 5-1 away",7,0,8,18,33,Pittsburgh Steelers,PIT,"7-4-1, 3-3 home",13,10,0,7,30,Acrisure Stadium,"61,069","68,400","Pittsburgh, PA ","8:20 PM, December 2, 2018"
https://www.espn.com/nfl/playbyplay/_/gameId/401030871,Washington Redskins,WSH,"6-6, 3-3 away",0,13,0,0,13,Philadelphia Eagles,PHI,"6-6, 4-3 home",7,7,0,14,28,Lincoln Financial Field,"69,696","69,879","Philadelphia, PA ","8:15 PM, December 3, 2018"
https://www.espn.com/nfl/playbyplay/_/gameId/401030724,Jacksonville Jaguars,JAX,"4-9, 1-5 away",2,0,7,0,9,Tennessee Titans,TEN,"7-6, 5-1 home",7,9,14,0,30,Nissan Stadium,"60,344","69,143","Nashville, TN ","8:20 PM, December 6, 2018"
https://www.espn.com/nfl/playbyplay/_/gameId/401030750,New York Jets,NYJ,"4-9, 2-5 away",3,10,0,14,27,Buffalo Bills,BUF,"4-9, 2-4 home",14,3,3,3,23,Highmark Stadium,"59,119","71,621","Orchard Park, NY ","1:00 PM, December 9, 2018"
https://www.espn.com/nfl/playbyplay/_/gameId/401030823,Carolina Panthers,CAR,"6-7, 1-6 away",7,10,3,0,20,Cleveland Browns,CLE,"5-7-1, 4-2-1 home",7,10,0,9,26,Cleveland Browns Stadium,"59,392","67,431","Cleveland, OH ","1:00 PM, December 9, 2018"
https://www.espn.com/nfl/playbyplay/_/gameId/401030825,Atlanta Falcons,ATL,"4-9, 1-5 away",7,0,0,13,20,Green Bay Packers,GB,"5-7-1, 5-1-1 home",7,13,14,0,34,Lambeau Field,"77,329","81,041","Green Bay, WI ","1:00 PM, December 9, 2018"
https://www.espn.com/nfl/playbyplay/_/gameId/401030764,Baltimore Ravens,BAL,"7-6, 3-4 away",0,10,7,7,0,Kansas City Chiefs,KC,"11-2, 6-0 home",7,10,0,7,3,GEHA Field at Arrowhead Stadium,"74,336","72,936","Kansas City, MO ","1:00 PM, December 9, 2018"
https://www.espn.com/nfl/playbyplay/_/gameId/401030761,New England Patriots,NE,"9-4, 3-4 away",6,21,0,6,33,Miami Dolphins,MIA,"7-6, 6-1 home",7,14,7,6,34,Hard Rock Stadium,"66,087","64,767","Miami Gardens, FL ","1:00 PM, December 9, 2018"
https://www.espn.com/nfl/playbyplay/_/gameId/401030758,New Orleans Saints,NO,"11-2, 6-1 away",0,3,8,17,28,Tampa Bay Buccaneers,TB,"5-8, 4-3 home",7,7,0,0,14,Raymond James Stadium,"53,495","65,828","Tampa, FL ","1:00 PM, December 9, 2018"
https://www.espn.com/nfl/playbyplay/_/gameId/401030753,New York Giants,NYG,"5-8, 3-4 away",7,27,6,0,40,Washington Redskins,WSH,"6-7, 3-4 home",0,0,0,16,16,FedExField,"57,437","67,617","Landover, MD ","1:00 PM, December 9, 2018"
https://www.espn.com/nfl/playbyplay/_/gameId/401030813,Indianapolis Colts,IND,"7-6, 3-4 away",0,17,7,0,24,Houston Texans,HOU,"9-4, 5-2 home",7,0,7,7,21,NRG Stadium,"71,814","71,995","Houston, TX ","1:00 PM, December 9, 2018"
https://www.espn.com/nfl/playbyplay/_/gameId/401030851,Cincinnati Bengals,CIN,"5-8, 2-4 away",3,9,0,9,21,Los Angeles Chargers,LAC,"10-3, 5-2 home",7,10,3,6,26,Dignity Health Sports Park,"25,358","27,000","Carson, CA ","4:05 PM, December 9, 2018"
https://www.espn.com/nfl/playbyplay/_/gameId/401030827,Denver Broncos,DEN,"6-7, 3-4 away",0,0,7,7,14,San Francisco 49ers,SF,"3-10, 3-3 home",3,17,0,0,20,Levi's Stadium,"69,449","68,500","Santa Clara, CA ","4:05 PM, December 9, 2018"
https://www.espn.com/nfl/playbyplay/_/gameId/401030854,Philadelphia Eagles,PHI,"6-7, 2-4 away",0,0,6,17,0,Dallas Cowboys,DAL,"8-5, 6-1 home",3,3,3,14,6,AT&T Stadium,"93,127","100,000","Arlington, TX ","4:25 PM, December 9, 2018"
https://www.espn.com/nfl/playbyplay/_/gameId/401030863,Pittsburgh Steelers,PIT,"7-5-1, 4-2-1 away",0,14,0,7,21,Oakland Raiders,OAK,"3-10, 2-5 home",7,3,0,14,24,Oakland Coliseum,"53,960","55,997","Oakland, CA ","4:25 PM, December 9, 2018"
https://www.espn.com/nfl/playbyplay/_/gameId/401030860,Detroit Lions,DET,"5-8, 2-4 away",0,3,7,7,17,Arizona Cardinals,ARI,"3-10, 1-6 home",0,0,0,3,3,State Farm Stadium,"62,014","65,000","Glendale, AZ ","4:25 PM, December 9, 2018"
https://www.espn.com/nfl/playbyplay/_/gameId/401030817,Los Angeles Rams,LAR,"11-2, 5-2 away",3,3,0,0,6,Chicago Bears,CHI,"9-4, 6-1 home",3,3,9,0,15,Soldier Field,"61,695","61,500","Chicago, IL ","8:20 PM, December 9, 2018"
https://www.espn.com/nfl/playbyplay/_/gameId/401030867,Minnesota Vikings,MIN,"6-6-1, 2-4-1 away",0,0,0,7,7,Seattle Seahawks,SEA,"8-5, 4-2 home",0,3,0,18,21,Lumen Field,"69,007","68,740","Seattle, WA ","8:15 PM, December 10, 2018"
https://www.espn.com/nfl/playbyplay/_/gameId/401030874,Los Angeles Chargers,LAC,"11-3, 6-1 away",0,7,7,15,29,Kansas City Chiefs,KC,"11-3, 6-1 home",14,0,7,7,28,GEHA Field at Arrowhead Stadium,"75,091","72,936","Kansas City, MO ","8:20 PM, December 13, 2018"
https://www.espn.com/nfl/playbyplay/_/gameId/401030891,Houston Texans,HOU,"10-4, 5-2 away",3,13,0,13,29,New York Jets,NYJ,"4-10, 2-5 home",3,6,6,7,22,MetLife Stadium,"77,982","82,500","East Rutherford, NJ ","4:30 PM, December 15, 2018"
https://www.espn.com/nfl/playbyplay/_/gameId/401030876,Cleveland Browns,CLE,"6-7-1, 2-5 away",7,3,0,7,17,Denver Broncos,DEN,"6-8, 3-4 home",7,3,3,3,16,Empower Field at Mile High,"76,596","76,125","Denver, CO ","8:20 PM, December 15, 2018"
https://www.espn.com/nfl/playbyplay/_/gameId/401030900,Arizona Cardinals,ARI,"3-11, 2-5 away",7,0,0,7,14,Atlanta Falcons,ATL,"5-9, 4-4 home",10,16,7,7,40,Mercedes-Benz Stadium,"72,084","75,000","Atlanta, GA ","1:00 PM, December 16, 2018"
https://www.espn.com/nfl/playbyplay/_/gameId/401030896,Detroit Lions,DET,"5-9, 2-5 away",0,13,0,0,13,Buffalo Bills,BUF,"5-9, 3-4 home",0,7,0,7,14,Highmark Stadium,"59,110","71,621","Orchard Park, NY ","1:00 PM, December 16, 2018"
https://www.espn.com/nfl/playbyplay/_/gameId/401030893,Green Bay Packers,GB,"5-8-1, 0-7 away",0,3,11,3,17,Chicago Bears,CHI,"10-4, 7-1 home",7,7,0,10,24,Soldier Field,"62,372","61,500","Chicago, IL ","1:00 PM, December 16, 2018"
https://www.espn.com/nfl/playbyplay/_/gameId/401030909,Oakland Raiders,OAK,"3-11, 1-6 away",0,7,6,3,16,Cincinnati Bengals,CIN,"6-8, 4-4 home",7,13,0,10,30,Paycor Stadium,"44,568","65,515","Cincinnati, OH ","1:00 PM, December 16, 2018"
https://www.espn.com/nfl/playbyplay/_/gameId/401030927,Dallas Cowboys,DAL,"8-6, 2-5 away",0,0,0,0,0,Indianapolis Colts,IND,"8-6, 5-2 home",7,3,10,3,23,Lucas Oil Stadium,"66,654","63,000","Indianapolis, IN ","1:00 PM, December 16, 2018"
https://www.espn.com/nfl/playbyplay/_/gameId/401030918,Miami Dolphins,MIA,"7-7, 1-6 away",0,10,7,0,17,Minnesota Vikings,MIN,"7-6-1, 5-2 home",21,0,3,17,41,U.S. Bank Stadium,"66,841","66,468","Minneapolis, MN ","1:00 PM, December 16, 2018"
https://www.espn.com/nfl/playbyplay/_/gameId/401030915,Tennessee Titans,TEN,"8-6, 3-5 away",7,0,7,3,17,New York Giants,NYG,"5-9, 2-5 home",0,0,0,0,0,MetLife Stadium,"74,538","82,500","East Rutherford, NJ ","1:00 PM, December 16, 2018"
https://www.espn.com/nfl/playbyplay/_/gameId/401030924,Washington Redskins,WSH,"7-7, 4-3 away",3,0,3,10,16,Jacksonville Jaguars,JAX,"4-10, 3-5 home",0,10,0,3,13,TIAA Bank Field,"67,577","67,858","Jacksonville, FL ","1:00 PM, December 16, 2018"
https://www.espn.com/nfl/playbyplay/_/gameId/401030898,Tampa Bay Buccaneers,TB,"5-9, 1-6 away",0,9,3,0,12,Baltimore Ravens,BAL,"8-6, 5-2 home",0,10,7,3,20,M&T Bank Stadium,"70,031","70,745","Baltimore, MD ","1:00 PM, December 16, 2018"
https://www.espn.com/nfl/playbyplay/_/gameId/401030950,Seattle Seahawks,SEA,"8-6, 4-4 away",6,7,0,10,0,San Francisco 49ers,SF,"4-10, 4-3 home",7,10,3,3,3,Levi's Stadium,"68,836","68,500","Santa Clara, CA ","4:05 PM, December 16, 2018"
https://www.espn.com/nfl/playbyplay/_/gameId/401030956,New England Patriots,NE,"9-5, 3-5 away",7,0,3,0,10,Pittsburgh Steelers,PIT,"8-5-1, 4-3 home",7,7,0,3,17,Acrisure Stadium,"65,280","68,400","Pittsburgh, PA ","4:25 PM, December 16, 2018"
https://www.espn.com/nfl/playbyplay/_/gameId/401030961,Philadelphia Eagles,PHI,"7-7, 3-4 away",3,10,17,0,30,Los Angeles Rams,LAR,"11-3, 6-1 home",7,6,0,10,23,Los Angeles Memorial Coliseum,"74,210","77,500","Los Angeles, CA ","8:20 PM, December 16, 2018"
https://www.espn.com/nfl/playbyplay/_/gameId/401030967,New Orleans Saints,NO,"12-2, 7-1 away",3,3,0,6,12,Carolina Panthers,CAR,"6-8, 5-2 home",7,0,0,2,9,Bank of America Stadium,"74,188","73,778","Charlotte, NC ","8:15 PM, December 17, 2018"
https://www.espn.com/nfl/playbyplay/_/gameId/401030868,Washington Redskins,WSH,"7-8, 4-4 away",3,7,3,3,16,Tennessee Titans,TEN,"9-6, 6-1 home",6,3,0,16,25,Nissan Stadium,"60,746","69,143","Nashville, TN ","4:30 PM, December 22, 2018"
https://www.espn.com/nfl/playbyplay/_/gameId/401030897,Baltimore Ravens,BAL,"9-6, 4-4 away",3,3,10,6,22,Los Angeles Chargers,LAC,"11-4, 5-3 home",0,3,7,0,10,Dignity Health Sports Park,"25,571","27,000","Carson, CA ","8:20 PM, December 22, 2018"
https://www.espn.com/nfl/playbyplay/_/gameId/401030872,Cincinnati Bengals,CIN,"6-9, 2-5 away",0,0,0,18,18,Cleveland Browns,CLE,"7-7-1, 5-2-1 home",0,16,7,3,26,Cleveland Browns Stadium,"67,431","67,431","Cleveland, OH ","1:00 PM, December 23, 2018"
https://www.espn.com/nfl/playbyplay/_/gameId/401030875,Tampa Bay Buccaneers,TB,"5-10, 1-7 away",3,10,0,7,20,Dallas Cowboys,DAL,"9-6, 7-1 home",14,3,10,0,27,AT&T Stadium,"92,851","100,000","Arlington, TX ","1:00 PM, December 23, 2018"
https://www.espn.com/nfl/playbyplay/_/gameId/401030877,Minnesota Vikings,MIN,"8-6-1, 3-4-1 away",0,14,3,10,27,Detroit Lions,DET,"5-10, 3-5 home",3,6,0,0,9,Ford Field,"61,641","64,500","Detroit, MI ","1:00 PM, December 23, 2018"
https://www.espn.com/nfl/playbyplay/_/gameId/401030861,New York Giants,NYG,"5-10, 3-5 away",14,3,7,3,27,Indianapolis Colts,IND,"9-6, 6-2 home",0,7,14,7,28,Lucas Oil Stadium,"61,738","63,000","Indianapolis, IN ","1:00 PM, December 23, 2018"
https://www.espn.com/nfl/playbyplay/_/gameId/401030866,Jacksonville Jaguars,JAX,"5-10, 2-5 away",7,0,0,10,17,Miami Dolphins,MIA,"7-8, 6-2 home",7,0,0,0,7,Hard Rock Stadium,"65,798","64,767","Miami Gardens, FL ","1:00 PM, December 23, 2018"
https://www.espn.com/nfl/playbyplay/_/gameId/401030892,Buffalo Bills,BUF,"5-10, 2-6 away",0,0,6,6,12,New England Patriots,NE,"10-5, 7-0 home",7,7,7,3,24,Gillette Stadium,"65,878","65,878","Foxboro, MA ","1:00 PM, December 23, 2018"
https://www.espn.com/nfl/playbyplay/_/gameId/401030870,Green Bay Packers,GB,"6-8-1, 1-7 away",0,17,3,18,6,New York Jets,NYJ,"4-11, 2-6 home",7,14,14,3,0,MetLife Stadium,"77,982","82,500","East Rutherford, NJ ","1:00 PM, December 23, 2018"
https://www.espn.com/nfl/playbyplay/_/gameId/401030864,Houston Texans,HOU,"10-5, 5-3 away",0,16,0,14,30,Philadelphia Eagles,PHI,"8-7, 5-3 home",7,6,10,9,32,Lincoln Financial Field,"69,696","69,879","Philadelphia, PA ","1:00 PM, December 23, 2018"
https://www.espn.com/nfl/playbyplay/_/gameId/401030895,Atlanta Falcons,ATL,"6-9, 2-5 away",7,3,14,0,24,Carolina Panthers,CAR,"6-9, 5-3 home",7,3,0,0,10,Bank of America Stadium,"73,722","73,778","Charlotte, NC ","1:00 PM, December 23, 2018"
https://www.espn.com/nfl/playbyplay/_/gameId/401030907,Los Angeles Rams,LAR,"12-3, 6-2 away",7,14,3,7,31,Arizona Cardinals,ARI,"3-12, 1-7 home",3,6,0,0,9,State Farm Stadium,"61,759","65,000","Glendale, AZ ","4:05 PM, December 23, 2018"
https://www.espn.com/nfl/playbyplay/_/gameId/401030901,Chicago Bears,CHI,"11-4, 4-3 away",0,7,7,0,14,San Francisco 49ers,SF,"4-11, 4-4 home",0,9,0,0,9,Levi's Stadium,"70,806","68,500","Santa Clara, CA ","4:05 PM, December 23, 2018"
https://www.espn.com/nfl/playbyplay/_/gameId/401030913,Pittsburgh Steelers,PIT,"8-6-1, 4-3-1 away",3,11,14,0,28,New Orleans Saints,NO,"13-2, 6-1 home",7,10,7,7,31,Caesars Superdome,"73,086","73,000","New Orleans, LA ","4:25 PM, December 23, 2018"
https://www.espn.com/nfl/playbyplay/_/gameId/401030917,Kansas City Chiefs,KC,"11-4, 5-3 away",3,7,7,14,31,Seattle Seahawks,SEA,"9-6, 5-2 home",7,7,10,14,38,Lumen Field,"69,067","68,740","Seattle, WA ","8:20 PM, December 23, 2018"
https://www.espn.com/nfl/playbyplay/_/gameId/401030926,Denver Broncos,DEN,"6-9, 3-5 away",0,0,7,7,14,Oakland Raiders,OAK,"4-11, 3-5 home",7,10,0,10,27,Oakland Coliseum,"53,850","55,997","Oakland, CA ","8:15 PM, December 24, 2018"
https://www.espn.com/nfl/playbyplay/_/gameId/401030722,Miami Dolphins,MIA,"7-9, 1-7 away",0,14,3,0,17,Buffalo Bills,BUF,"6-10, 4-4 home",14,0,14,14,42,Highmark Stadium,"67,420","71,621","Orchard Park, NY ","1:00 PM, December 30, 2018"
https://www.espn.com/nfl/playbyplay/_/gameId/401030757,Detroit Lions,DET,"6-10, 3-5 away",7,14,3,7,31,Green Bay Packers,GB,"6-9-1, 5-2-1 home",0,0,0,0,0,Lambeau Field,"77,341","81,041","Green Bay, WI ","1:00 PM, December 30, 2018"
https://www.espn.com/nfl/playbyplay/_/gameId/401030765,New York Jets,NYJ,"4-12, 2-6 away",3,0,0,0,3,New England Patriots,NE,"11-5, 8-0 home",7,14,7,10,38,Gillette Stadium,"65,878","65,878","Foxboro, MA ","1:00 PM, December 30, 2018"
https://www.espn.com/nfl/playbyplay/_/gameId/401030768,Carolina Panthers,CAR,"7-9, 2-6 away",13,10,7,3,33,New Orleans Saints,NO,"13-3, 6-2 home",0,0,0,14,14,Caesars Superdome,"73,028","73,000","New Orleans, LA ","1:00 PM, December 30, 2018"
https://www.espn.com/nfl/playbyplay/_/gameId/401030812,Dallas Cowboys,DAL,"10-6, 3-5 away",0,14,7,15,36,New York Giants,NYG,"5-11, 2-6 home",0,7,11,17,35,MetLife Stadium,"77,750","82,500","East Rutherford, NJ ","1:00 PM, December 30, 2018"
https://www.espn.com/nfl/playbyplay/_/gameId/401030820,Atlanta Falcons,ATL,"7-9, 3-5 away",0,7,17,10,34,Tampa Bay Buccaneers,TB,"5-11, 4-4 home",7,10,3,12,32,Raymond James Stadium,"52,884","65,828","Tampa, FL ","1:00 PM, December 30, 2018"
https://www.espn.com/nfl/playbyplay/_/gameId/401030759,Jacksonville Jaguars,JAX,"5-11, 2-6 away",3,0,0,0,3,Houston Texans,HOU,"11-5, 6-2 home",3,14,0,3,20,NRG Stadium,"71,848","71,995","Houston, TX ","1:00 PM, December 30, 2018"
https://www.espn.com/nfl/playbyplay/_/gameId/401030824,Los Angeles Chargers,LAC,"12-4, 7-1 away",0,7,7,9,23,Denver Broncos,DEN,"6-10, 3-5 home",0,3,0,6,9,Empower Field at Mile High,"75,947","76,125","Denver, CO ","4:25 PM, December 30, 2018"
https://www.espn.com/nfl/playbyplay/_/gameId/401030760,Oakland Raiders,OAK,"4-12, 1-7 away",0,3,0,0,3,Kansas City Chiefs,KC,"12-4, 7-1 home",14,7,7,7,35,GEHA Field at Arrowhead Stadium,"77,550","72,936","Kansas City, MO ","4:25 PM, December 30, 2018"
https://www.espn.com/nfl/playbyplay/_/gameId/401030850,San Francisco 49ers,SF,"4-12, 0-8 away",3,7,7,15,32,Los Angeles Rams,LAR,"13-3, 7-1 home",14,17,14,3,48,Los Angeles Memorial Coliseum,"72,161","77,500","Los Angeles, CA ","4:25 PM, December 30, 2018"
https://www.espn.com/nfl/playbyplay/_/gameId/401030763,Chicago Bears,CHI,"12-4, 5-3 away",7,6,0,11,24,Minnesota Vikings,MIN,"8-7-1, 5-3 home",0,3,7,0,10,U.S. Bank Stadium,"66,878","66,468","Minneapolis, MN ","4:25 PM, December 30, 2018"
https://www.espn.com/nfl/playbyplay/_/gameId/401030818,Cincinnati Bengals,CIN,"6-10, 2-6 away",0,10,0,3,13,Pittsburgh Steelers,PIT,"9-6-1, 5-3 home",0,3,7,6,16,Acrisure Stadium,"63,874","68,400","Pittsburgh, PA ","4:25 PM, December 30, 2018"
https://www.espn.com/nfl/playbyplay/_/gameId/401030856,Arizona Cardinals,ARI,"3-13, 2-6 away",3,10,8,3,24,Seattle Seahawks,SEA,"10-6, 6-2 home",7,7,7,6,27,Lumen Field,"68,990","68,740","Seattle, WA ","4:25 PM, December 30, 2018"
https://www.espn.com/nfl/playbyplay/_/gameId/401030727,Philadelphia Eagles,PHI,"9-7, 4-4 away",3,7,7,7,24,Washington Redskins,WSH,"7-9, 3-5 home",0,0,0,0,0,FedExField,"63,188","67,617","Landover, MD ","4:25 PM, December 30, 2018"
https://www.espn.com/nfl/playbyplay/_/gameId/401030719,Cleveland Browns,CLE,"7-8-1, 2-6 away",7,0,7,10,24,Baltimore Ravens,BAL,"10-6, 6-2 home",10,10,3,3,26,M&T Bank Stadium,"70,925","70,745","Baltimore, MD ","4:25 PM, December 30, 2018"
https://www.espn.com/nfl/playbyplay/_/gameId/401030755,Indianapolis Colts,IND,"10-6, 4-4 away",7,10,7,9,33,Tennessee Titans,TEN,"9-7, 6-2 home",0,10,7,0,17,Nissan Stadium,"68,978","69,143","Nashville, TN ","8:20 PM, December 30, 2018"
https://www.espn.com/nfl/playbyplay/_/gameId/401038952,Indianapolis Colts,IND,"10-6, 4-4 away",14,7,0,0,21,Houston Texans,HOU,"11-5, 6-2 home",0,0,0,7,7,NRG Stadium,"71,798","71,995","Houston, TX ","4:35 PM, January 5, 2019"
https://www.espn.com/nfl/playbyplay/_/gameId/401038953,Seattle Seahawks,SEA,"10-6, 4-4 away",0,6,8,8,22,Dallas Cowboys,DAL,"10-6, 7-1 home",3,7,0,14,24,AT&T Stadium,"94,327","100,000","Arlington, TX ","8:15 PM, January 5, 2019"
https://www.espn.com/nfl/playbyplay/_/gameId/401038955,Los Angeles Chargers,LAC,"12-4, 7-1 away",6,6,0,11,23,Baltimore Ravens,BAL,"10-6, 6-2 home",0,0,3,14,17,M&T Bank Stadium,"70,432","70,745","Baltimore, MD ","1:05 PM, January 6, 2019"
https://www.espn.com/nfl/playbyplay/_/gameId/401038954,Philadelphia Eagles,PHI,"9-7, 4-4 away",3,0,7,6,16,Chicago Bears,CHI,"12-4, 7-1 home",0,6,0,9,15,Soldier Field,"62,462","61,500","Chicago, IL ","4:40 PM, January 6, 2019"
https://www.espn.com/nfl/playbyplay/_/gameId/401038957,Indianapolis Colts,IND,"10-6, 4-4 away",0,7,0,6,13,Kansas City Chiefs,KC,"12-4, 7-1 home",14,10,0,7,31,GEHA Field at Arrowhead Stadium,"76,765","72,936","Kansas City, MO ","4:35 PM, January 12, 2019"
https://www.espn.com/nfl/playbyplay/_/gameId/401038956,Dallas Cowboys,DAL,"10-6, 3-5 away",7,0,8,7,22,Los Angeles Rams,LAR,"13-3, 7-1 home",3,17,3,7,30,Los Angeles Memorial Coliseum,"77,187","77,500","Los Angeles, CA ","8:15 PM, January 12, 2019"
https://www.espn.com/nfl/playbyplay/_/gameId/401038959,Los Angeles Chargers,LAC,"12-4, 7-1 away",7,0,7,14,28,New England Patriots,NE,"11-5, 8-0 home",14,21,3,3,41,Gillette Stadium,"65,878","65,878","Foxboro, MA ","1:05 PM, January 13, 2019"
https://www.espn.com/nfl/playbyplay/_/gameId/401038958,Philadelphia Eagles,PHI,"9-7, 4-4 away",14,0,0,0,14,New Orleans Saints,NO,"13-3, 6-2 home",0,10,7,3,20,Caesars Superdome,"73,027","73,000","New Orleans, LA ","4:40 PM, January 13, 2019"
https://www.espn.com/nfl/playbyplay/_/gameId/401038118,Los Angeles Rams,LAR,"13-3, 6-2 away",0,10,7,6,3,New Orleans Saints,NO,"13-3, 6-2 home",13,0,7,3,0,Caesars Superdome,"73,028","73,000","New Orleans, LA ","3:05 PM, January 20, 2019"
https://www.espn.com/nfl/playbyplay/_/gameId/401038850,New England Patriots,NE,"11-5, 3-5 away",7,7,3,14,6,Kansas City Chiefs,KC,"12-4, 7-1 home",0,0,7,24,0,GEHA Field at Arrowhead Stadium,"77,034","72,936","Kansas City, MO ","6:40 PM, January 20, 2019"
https://www.espn.com/nfl/playbyplay/_/gameId/401038851,AFC All-Stars,AFC,,7,10,3,6,26,NFC All-Stars,NFC,,0,0,0,7,7,Camping World Stadium,"51,192","65,000","Orlando, FL ","3:00 PM, January 27, 2019"
https://www.espn.com/nfl/playbyplay/_/gameId/401038115,New England Patriots,NE,11-5,0,3,0,10,13,Los Angeles Rams,LAR,13-3,0,0,3,0,3,Mercedes-Benz Stadium,"70,081","75,000","Atlanta, GA ","6:30 PM, February 3, 2019"
